id,pass,date,reviewer,surface,component,lifecycle_stage,category,severity,title,user_comment,orchestrator_take,observed,expected,evidence,value,effort,framework_anchor,kano,rice_score,moscow,downstream_target,linked_plan,linked_commit,status
UXL-001,1,2026-04-22,user,integration,plugin-schema,requirements,drift,MAJOR,CAB default setup should use project schema (not plugin schema) for local CC integration,"we need to ensure our latest CAB don't have a default protocol to setup/validate CC CLI integration into projects by automatically using the distributable plugin schema as default (vs. initially setting it up as a local project with CC CLI integrated where the extensions are nested under project '.claude' path), as I'm noticing a legitimate inefficient UX friction. In hindsight, my personal conjecture of trying to wrap everything into a plugin from getgo will be more holistically practical, but the issue is that I can't load the project CC extensions unless I actually fully register the plugin to marketplace and enable; which is not I want necessarily as enabling external plugins are automatically loaded globally. So instead, our CAB default setup (whether for a brand new project codebase or existing project) should use the claude project schema where all extensions are neatly nested under the project '.claude' path within the project root to live alongside the codebase, ultimately cohesively serving as agentic OS platform (codebase + LLM CLI).",Plugin-first default is premature optimization for new-project integration. LL-23 proved plugin extensions require global marketplace registration to activate — wrong default for fresh/existing codebase integration. Correct default: project schema (.claude/ nested); plugin migration as later explicit opt-in phase.,,,Session 22 LL-23; user session-34 brain-dump; init-plugin vs new-project divergence,H,M,DP5;LL-23;LL-21,,,,KB,,,triaged
UXL-002,1,2026-04-22,user,meta,conventions,requirements,drift,MAJOR,Command → skill migration audit (official CC deprecation of commands),"per latest official CC dev docs, commands will be gradually be sunset and skills to be used/trigerred instead. luckily, our CAB hirearchical wrapping design philosophy, we already were pretty much effectively leveraging the commands to be essentially equivalent to the domain specialized skill extensions but just serving as the easy trigger mechanism by both CC agents and humans, via the dash function for any consistently repeated operations, so let's make sure we archive and no longer further optimize the commands and properly migrate to skills, if there isn't already the main pertaining skill(s) that was composing exist. we need to be strategic and careful here as I'm currently used to triggerring the skill-wrapped commands, not the skills themselves. let's start with a clear mapping of which existing skills are wrapped into commands and which aren't/disconnected, etc.",Strategic migration needed — CAB historically used commands as trigger-shims for skills. Step 1: produce mapping of existing skills ↔ commands (wrapped vs disconnected). Step 2: migrate orphan commands to skills. Keep command shims alive until user trigger habit transitions.,,,User ref to official CC dev docs; CAB commands/ inventory,H,M,DP8;CC-skills-vs-commands,,,,KB,,,triaged
UXL-003,1,2026-04-22,user,meta,claudemd-layer,design,question,QUESTION,Re-evaluate CAB orchestrator subagent as global-default CC agent,"we need to revisit our recent discussion (in session 34 i believe) of the Three-layer complement model architecture design philosophy: ""global CLAUDEmd (global orchestrator as holistically efficient and generalized ""master strategist"" with universal or project-agnostic value-adds of memory, rules, skills, agents, hooks, which are technically and soundly domain-specialized of the intended global orchestrator via comprehensive, readily actionable context engineering protocols) → project CLAUDEmd (project orchestrator as holistically efficient and generalized ""master strategist"" with project-specific domain specialization/contextualization of CC extensions) → CAB's 'orchestrator' subagent being used as the ""main default global cc agent"" that I talk to per global cc settings JSON (please correct me if i'm misunderstanding here). Each layer is complementary, not redundant"". I'm quite set on how I currently define and utilize the global core identity/SME vs. project core identify/SME via CLAUDEmds, but i'm still tad confused whether me setting CAB's specific 'orchestrator' subagent as the default CC global agent is the appropriate/efficient choice; i'm slightly leaning towards getting rid of this global cc setting to let the global CLAUDEmd and each project CLAUDEmd to properly serve as orchestrators.",Three-layer model is sound (global CLAUDEmd → project CLAUDEmd → domain subagents). Questioning whether CAB orchestrator subagent should be the GLOBAL default. Leaning toward removing global-default binding; let CLAUDEmd layers drive orchestration natively. Needs cost-benefit analysis of removal.,,,Session 34 3-layer model discussion; ~/.claude/settings.json agent setting,M,L,DP2;DP4;LL-27,,,,followup,,,triaged
UXL-004,1,2026-04-22,user,agentic,subagent-delegation,design,gap,MAJOR,CAB advisor ↔ project-orchestrator agentic bridge architecture,"we need to further strategize how we can allow CAB orchestrator (or domain-specialized subagent as ""general CAB advisor"", which is fully equipped with the entire knowledge base via systematized context knowledge graph programmatically/visually) to agentically/seamlessly interact with each project domain orhcestrator(s) to ensure the CC integrated project has fully and systematically adopted CAB's various frameworks/design philosophies and context engineering protocols for holistically efficient orchestration and state management. basically, i've been finding myself in multiple occasions of active projects that have CC integrated where I would need to request the project orchestrator agent to refer back to some of the CAB KB packs as the existing agentic wrappers related to creating/integrating CC into new or existing projects, as well as validating/techdebt existing CC integration setup aren't fully capturing.","Capability gap: project orchestrators can't discover/invoke CAB KB packs agentically — forces manual re-prompting. Need bi-directional bridge: CAB advisor subagent (KB-equipped) that project orchestrators query, or MCP-exposed CAB KB endpoint. Cross-refs UXL-005 (knowledge graph) and UXL-009 (HydroCast patterns).",,,"User's cross-project UX friction (CAB↔HydroCast, CAB↔RAS-exec)",H,H,DP2;DP6;DP8,,,,skill,,,triaged
UXL-005,1,2026-04-22,user,meta,knowledge-base,design,gap,MAJOR,KB → knowledge-graph standardization (programmatic metadata for orchestration+state),"It's my general (assumed) understanding from my UX so far of trying to implement CAB to integrate CC CLI into project codebases, many of these, esp. the above item #4 imo,  could have been influenced by our lack of proper KB standardization to turn the static knowledge base into holistically standardized and efficiently generalized knowledge graph with readily actionable/programmable metadata details for orchestration and state management. some of these will be reflective when we review current standardized protocols of Hydrocast project's knowledge graph essentially programmatically linking the notes\ folder of state mangement and knowledge\ folder of customized domain knowledge base.","Root-cause framing for UXL-004/UXL-009/UXL-010: current KB is static markdown; graph-capable metadata (depends_on, related, source edges) exists in frontmatter but is not programmatically queryable. Needs: (a) graph extractor/indexer; (b) HydroCast-style programmatic notes↔knowledge linkage; (c) visualization surface. UXL-009 and UXL-010 seed this deep dive.",,,HydroCast kb-standardization-plan (external); user cross-project UX,H,H,DP1;DP3,,,,KB,,,triaged
UXL-006,1,2026-04-22,user,meta,conventions,requirements,gap,MINOR,plan-implementation skill enhancement — a-team + product-design-cycle integration,"i made some minor edits to the 'plan-implementation' skill that hasn't been properly recorded via git yet. Review yourself what i've changed/edited/added. I have additional plans to properly incorporate the generalized comprehensive ""a-team"" and full-stack product design cycle templates to be part of the standard protocol to refer as general conceptual context to strategize holistically and comprehensively, then obviously naturally, adaptively/agentically optimizing to be tailored specifically to the project-specific and/or phase task-specific intentions from the generic comprehensive version. It doesn't necessarily have to be done within this specific skill alone, but we need to strategically plan how we can properly/systematically leverage these resources more adapatively in knowledge\reference",User has uncommitted formatting/wording edits to SKILL.md (left staged by Phase 2 commit for separate attribution). Enhancement proposal: systematically reference knowledge/reference/a-team-database.yaml + product-design-cycle.md + requirements-doc-guide.md during plan authoring. May split across plan-implementation skill + new skill.,,,git diff skills/plan-implementation/SKILL.md (staged); knowledge/reference/INDEX.md,M,L,DP2;DP3,,,,skill,,,triaged
UXL-014,1,2026-04-22,orchestrator,meta,claudemd-layer,design,gap,MINOR,Global CLAUDE.md — add 'CAB provides' notes to orchestrator + verifier registry entries,"**LL-27 follow-on: Update global `~/.claude/CLAUDE.md` Extension Registry** — Add explicit ""CAB provides this — do not create a global copy"" notes to `orchestrator` and `verifier` entries. Prevents future recreation of the shadow copy from operator confusion (the exact pattern that caused this incident).","Superseded partially by UXL-025 (Global CLAUDE.md v2 — remove Extension Registry entirely). If v2 lands, this item may become moot or fold into the Plugin Hygiene Policy block.",,,notes/TODO.md:72; LL-27; ~/.claude/CLAUDE.md,M,L,DP3;LL-27,,,,followup,,,triaged
UXL-015,1,2026-04-22,orchestrator,meta,claudemd-layer,design,gap,MINOR,CAB CLAUDE.md — add 'CAB provides' notes to its own extension registry,"**LL-27 follow-on: Add ""CAB provides"" notes to CAB's own extension registry** — Mirror the above note inside CAB's CLAUDE.md so that operators reading CAB docs immediately know global copies are contraindicated.",Mirror of UXL-014 for CAB-internal CLAUDE.md. Similar supersession consideration under UXL-025.,,,notes/TODO.md:73; LL-27; CAB CLAUDE.md,L,L,DP3;LL-27,,,,followup,,,triaged
UXL-016,1,2026-04-22,orchestrator,agentic,context-handoff,design,idea,MAJOR,Event-triggered state-write protocol (LL-28 candidate),"**LL-28 follow-on: Design event-triggered state write protocol** — Complement LL-26's phase-triggered writes. Candidate trigger events: (a) new architectural insight, (b) HITL decision point (write pending question + options before asking user), (c) investigation finding contradicting/updating prior LL/DD, (d) discovery implying new LL entry. Implementation sketch: add ""dialogue checkpoint"" step to `execute-task` — append 5-10 line ""dialogue state"" block to `progress.md` after analytical turns >N tokens OR HITL questions. Cost ~200-400 tokens/checkpoint. **Not to be hard-coded** — tag as CANDIDATE until it survives at least one real dying-session recovery test (per Session 27 user directive on iterative optimization).",Strong candidate; pre-requisite per user directive: must survive one real dying-session recovery test before hard-coding. Implementation is a skills/execute-task extension.,,,notes/TODO.md:74; LL-28; Session 27 recovery,H,M,DP4;LL-28,,,,skill,,,triaged
UXL-017,1,2026-04-22,orchestrator,agentic,memory-layer,design,idea,MAJOR,Fallback dying-session recovery protocol (new skill OR filesystem-patterns subsection),"**LL-28 follow-on: Fallback recovery protocol for mid-dialogue death** — Codify the Session 27 recovery method as a reusable skill or playbook: (1) bootstrap from `notes/` first, (2) identify dying-session JSONL transcript, (3) extract last N turns, (4) synthesize coverage gap, (5) backfill discoveries into new LL entries + state files, (6) resume at the exact HITL question. Deliverable: either a new `skills/recover-from-dying-session/` skill or a new subsection in `filesystem-patterns.md`. Input to the design: Session 27 itself is a working example — use its transcript as validation dataset.",Codifies Session 27 recovery method. Natural deliverable: new skill `recover-from-dying-session`. Session 27 transcript serves as validation dataset.,,,notes/TODO.md:75; LL-28; Session 27 transcript,H,M,DP4;LL-28,,,,skill,,,triaged
UXL-023,1,2026-04-22,orchestrator,agentic,memory-layer,context-of-use,idea,IDEA,LL-25 — Dream consolidation skill concept (LL→CLAUDE.md promotion),"**LL-25 follow-on: Dream consolidation skill concept** — Potential skill mimicking CC Layer 6 (Dreaming) for `lessons-learned.md` → CLAUDE.md promotion workflow. Would formalize the ""lessons-referenced protocols"" pattern.","Formalizes 'lessons-referenced protocols' pattern. Docs refresh reveals auto-memory ALREADY implements Layer-6-Dreaming-adjacent behavior (Claude decides what's worth remembering; writes to MEMORY.md index + topic files). 'Dream consolidation skill' scope is now narrower: LL promotion to CLAUDE.md (human-curated), NOT general memory consolidation (Claude already does this).",,,notes/TODO.md:81; LL-25,M,H,DP4;LL-25,,,,skill,,,triaged
UXL-025,1,2026-04-22,orchestrator,meta,claudemd-layer,design,drift,MAJOR,Global CLAUDE.md v2 — Extension Registry removal + Plugin Hygiene Policy reinvestment,"**Global CLAUDE.md v2 Architecture Upgrade** — Session 27 origin. Diagnosis: global CLAUDE.md mixes 4 content types (Identity/Framework/Policy/Inventory); Inventory (Extension Registry) is anti-pattern that caused LL-27. Proposal: delete Extension Registry, replace with compact Plugin Hygiene Policy block (5-6 lines), optionally move shadowing rule to `~/.claude/rules/meta/plugin-hygiene.md`, reinvest freed ~25 lines into orchestration heuristics / multi-disciplinary lens policy / behavioral invariants. Candidate LL-30 (proc): ""Hand-maintained inventories in global memory are anti-patterns because they duplicate runtime-provided state and drift."" Queued behind Phase D HydroCast comparison per Session 27 user directive. Execution plan: G.1-G.6 phases (draft v2 side-by-side, reinvestment content, HITL gate, replace, optional rules/meta/ extraction, LL-30 outcome).",Candidate LL-30 proc. Queued behind Phase D HydroCast comparison per Session 27 user directive. Supersedes UXL-014/UXL-015 partially.,,,notes/TODO.md:86-134; Session 27 diagnosis,H,M,DP1;DP3;LL-27,,,,LL,,,triaged
UXL-026,1,2026-04-22,orchestrator,meta,lessons-learned,evaluation,gap,MAJOR,LL-19/LL-20 protocol counter — structural enforcement for sycophantic-agreement pattern,**LL-19/LL-20 protocol counter** (ACTIVE-P0 in lessons-learned.md) — sycophantic-agreement-with-persistence-gaps recurrence pattern needs structural counter. Currently meta-lesson without enforcement layer.,"Meta-lesson without enforcement. Options: hook (prompt-type, not security-gate), output-style annotation, or CLAUDE.md invariant. Needs design before implementation.",,,notes/TODO.md:27; LL-19; LL-20,H,M,DP6;DP7;LL-19;LL-20,,,,hook,,,triaged
UXL-029,1,2026-04-22,orchestrator,integration,hooks,requirements,gap,MAJOR,LL-17 worktree auto-detect (pre-commit branch context verification),**LL-17 worktree auto-detect** (ACTIVE-P1) — pre-commit branch context verification + worktree suggestion when concurrent-session risk detected. KB exists; programmatic surface does not.,KB exists; programmatic surface does not. Pre-commit hook detects concurrent-session risk + suggests worktree.,,,notes/TODO.md:34; LL-17,M,M,DP7;LL-17,,,,hook,,,triaged
UXL-030,1,2026-04-22,orchestrator,integration,hooks,requirements,gap,MINOR,LL-10 fresh-fetch pre-edit hook (KB files referencing official CC docs),**LL-10 fresh-fetch pre-edit hook** (ACTIVE-P2) — pre-edit gate on KB files referencing official CC docs.,Pre-edit gate enforcing LL-10 fresh-fetch obligation. Scope: KB files with source: referencing CC-docs URLs.,,,notes/TODO.md:40; LL-10,M,M,DP7;LL-10,,,,hook,,,triaged
UXL-034,1,2026-04-22,orchestrator,meta,state-management,context-of-use,idea,MINOR,state-mgmt-capture skill — generalize bootstrap-cost.sh into modal token counter across all state-mgmt ops,"State-mgmt token counter skill — generalize existing hooks/scripts/bootstrap-cost.sh (bootstrap-only measurement) into a holistic state-management operation counter. User directive 2026-04-22: ""it will be ideal to eventually have the token counter for all state management operations, instead of just bootstrapping cost (could have specific state mgmt modules/components as modes e.g. a potential skill 'state-mgmt-capture --bootstrap'), so we iteratively build some tangible KPIs to work with to potentially enhance in reinforcing learning, systematic manner."" Envisioned modes: --bootstrap (current coverage), --tracker-update (per-UXL-resolution cost), --close-session (EOD state snapshot cost), --compaction (pre/post /compact delta). Output: timeseries in notes/state-mgmt-cost-log.md + per-mode KPI rollup. DP2-aligned: skill SKILL.md wraps deterministic measurement scripts co-located at skills/state-mgmt-capture/scripts/. Natural home for subsuming UXL-033's helper script once it matures.","M-effort; requires proper /cab:plan-implementation before execution per new prioritization-discipline standard. Prerequisites: ≥5 tracker resolutions worth of cost data to establish baseline signal; confirmed stability of per-operation token profile. Couples to UXL-033 (helper script absorbable into skill), UXL-018 (bootstrap measurement baseline — already operational), LL-29 (quality-over-tokens invariant — instrumentation supports the SIGNAL philosophy, does not enforce ceilings). Deferred to prioritization pass output.",,,User directive 2026-04-22; hooks/scripts/bootstrap-cost.sh (existing baseline),H,M,DP2;DP3;DP7;LL-29,,,,skill,,,triaged
UXL-035,1,2026-04-23,orchestrator,meta,conventions,design,idea,MINOR,Formalize cross-project 'CAB-side deliverable + external-repo apply' propagation pattern,"Pattern surfaced during Wave 1 UXL-020 RAS-exec LL-25 propagation: CAB session produced patch-ready artifact (notes/ll-25-propagation-status-2026-04-22.md) with concrete diff + apply instructions + commit template; physical apply happens in target repo's own CC session. User directive 2026-04-23: 'agreed ""CAB-side deliverable + external-repo apply"" pattern proved useful and would be open to potentially formalizing as a pattern for future cross-project UXL rows.' Deliverable: template artifact structure + convention for when CAB-side work is 'done' vs 'needs external apply' + cross-reference schema back to tracker + documentation in appropriate operational-patterns KB card.","Standalone scope; low effort. Produces: (a) template file at skills/ or knowledge/operational-patterns/ for propagation artifacts, (b) short KB section documenting the pattern + when to use, (c) tracker convention for rows with cross-project physical apply (possibly a new downstream_target value like `external-apply` or a `linked_external_commit` column). Couples to UXL-004 (CAB-to-project bridge architecture) conceptually but standalone in execution. Wave 11 placement.",,,UXL-020 Wave 1 execution; notes/ll-25-propagation-status-2026-04-22.md,M,L,DP3;DP5;DP8,,,C,KB,,,triaged
UXL-036,1,2026-04-23,orchestrator,integration,state-management,evaluation,gap,MAJOR,HydroCast comprehensive state-mgmt alignment audit (post-Wave-5/6 per user directive),"User directive 2026-04-23 after UXL-021 close review: 'could you clarify how in-depth your audit of Hydrocast and ras-exec was in terms of verifying the alignment of the latest optimized state mgmt standardizations of CAB vs. existing ones in the two projects? ... we've made some solid optimizations like the L-effort token-efficient mechanisms we should be catching in the audit to have them updated effectively. I want us to be careful and strategic about the alignment update of hydrocast b/c of this self-correcting loop scenario we have here (not so worried about ras-exec as this project is kind of on pause and will be willing to go through the full audit via the existing CC skill/command later, but hydrocast is active). make sure you refresh on context on how we/CAB adopted the UX log from hydrocast's original UI/UX log (that is geared towards GUI/front-end).' Dimensions to audit: (1) bootstrap-read-pattern (CAB 3-file cascade vs HydroCast LC-08 3-layer); (2) hook presence (pre-push-state-review, enforce-current-task-budget, bg-agent-post-check from UXL-028); (3) T1 boundary conventions; (4) LL classification + priority schema; (5) kb-conventions (frontmatter, source:, confidence tier, review_by); (6) memory-layer adoption (agent-memory/ + memory: field per UXL-031/032); (7) UX-log tracker pattern backport (HydroCast's notes/gui-review-comments/ → CAB's tiered notes/ux-log-*.csv with helper + active-top sort); (8) prioritization-frameworks adoption.","Deferred to post-Wave-5/6 per user directive — CAB still iterating state-mgmt (Wave 5 LL-28 state-write protocol + Wave 6 CLAUDE.md v2 + state-mgmt-capture skill). Aligning HydroCast now = redundant work when Wave 5/6 lands. HydroCast Phase D comparison (queued on PR #8 merge; see prior current-task.md) will naturally surface alignment deltas as byproduct of its read-only comparison. Couple with Phase D output where available. Self-correcting loop flagged by user: CAB's current UX-log tracker pattern evolved FROM HydroCast's original gui-review-comments/ pattern, now has CAB-specific ergonomic optimizations (tiered schema T1-T7, active-top sort, helper script) that HydroCast could backport. Wave 10 placement.",,,UXL-020/UXL-021 Wave 1 superficial gap analysis; user 2026-04-23 directive,H,H,DP3;DP4;DP5;LL-27,,,S,followup,,,triaged
UXL-037,1,2026-04-24,user,meta,knowledge-base,evaluation,gap,MAJOR,CAB design principles ↔ extensions alignment audit (DP1-DP9 coverage matrix),"User directive 2026-04-24 (embedded verbatim): ""there is definitely a growing need for us to better holistically and diligently strategize how to more systematically/programmatically/agentically leverage the CAB KB packs into effectively extracted/tailored CC extensions (e.g. all design principles of CAB being turned into modularized rules, core identity via CLAUDEmd, specific subagent-memory, as well as into practically composed domain-specialized skills and subagents. then finally, into structured practically standardized orchestration/operational workflow and state mgmt practices based on CAB's context engineering protocols). do the latest CAB extensions, which ought to be domain-specialized to CAB essentially, even properly reflect the design principles for example?"" Scope: systematic audit mapping each design principle (DP1-DP9 @knowledge/overview/design-principles.md) to concrete CAB extension manifestations (rules / CLAUDE.md sections / subagent-memory / skills / agents / hooks). Output: coverage matrix identifying (a) principles well-represented, (b) principles under-represented (gaps), (c) principles represented redundantly (possible consolidation).",Wave 8 concern per user framing. Couples tightly to UXL-005 (KB→KG standardization) since a coverage matrix is essentially a graph view of the CAB KB↔extensions relationship. Also couples to UXL-022 + UXL-032 memory-layer trio (memory layer is one of the principle-manifestation surfaces). Deferred to post-Wave-5/6 for the same reason as UXL-036 (CAB still iterating state-mgmt; audit against moving target is wasted work). Natural fit for a sub-phase within UXL-005 execution or immediately after.,,,User directive 2026-04-24; knowledge/overview/design-principles.md,H,M,DP1;DP2;DP3;DP5,,,S,KB,,,triaged
UXL-038,1,2026-04-24,user,meta,claudemd-layer,context-of-use,idea,IDEA,Agentic OS platform end-vision — skill=software=modularized-codebase deep dive,"User directive 2026-04-24 (embedded verbatim, end-vision note): ""If we regard CAB as another 'traditional project' with a codebase, including src\, docs\, all the typical traditional codebase will consist of, where we then seamlessly integrate CC to be living alongside with the codebase to turn the project into an 'agentic OS platform' (codebase + LLM CLI), each domain-specialized skill will be the live, walking, iterative/dynamic KB packs where each eventually builds up to be skill = software = modularized codebase into specific domain-specialized skillsets, so the 'agentic OS platform' i keep coining will eventually effectively be merged into a single platform, where all core processors under the traditional codebase schema src\ will now be systematized into specialized CC skills (custom NL instruction for agentic reasoning in markdown and orchestration + utility scripts of the src\ + tailored KB cards into the skill's references folder programmatically). CAB is somewhat unique b/c we're jumping straight into this merged agentic OS platform vision since it didn't have an existing traditional codebase like GTA, Hydrocast projects for example. to clarify, this end-vision is not a strict requirement, and i'm not certain whether the native CC have the adequate capabilities for me to realize this practically today as well. I just wanted to have this in your purview as we push through the UX wave plan and re-thinking through many of our original/possibly outdated philosophies and system designs. i'd be curious whether you think the current skills list reflect this end-vision (aka do the existing skills and agents, along with the rules and memory, fully cover all aspects of static KB packs into agentic, readily actionables?)""","Strategic end-vision framing, not immediate actionable. User explicitly marks 'not a strict requirement' and 'not certain native CC has capabilities today.' Deferred to Wave 8+ per user framing: 'likely ways to go before we come across this phase task.' Intellectual ancestor referenced: ~/.claude/backups/_archive/rules-old/coding-philosophy/design-agent-pipeline.md (DP2's elaboration origin — skills housing both agentic NL instruction + deterministic utility scripts + references KB). Deep-dive scope when executed: (1) survey current 10 CAB skills for agentic-OS readiness — do they house scripts + references + orchestration logic per the skill=software equation?; (2) identify gaps where static-KB content hasn't been translated into agentic surface; (3) evaluate native CC capability against the end-vision (what works today vs what requires platform evolution); (4) produce end-vision roadmap with actionable near-term vs aspirational long-term split. Couples to UXL-005 (KG), UXL-037 (DP alignment), UXL-002 (commands→skills migration — which surfaces the skill-as-module pattern already).",,,User directive 2026-04-24; ~/.claude/backups/_archive/rules-old/coding-philosophy/design-agent-pipeline.md (DP2 intellectual ancestor),H,H,DP2;DP5;DP8;DP9,,,C,followup,,,triaged
UXL-009,1,2026-04-22,user,meta,knowledge-base,context-of-use,idea,IDEA,HydroCast kb-standardization-plan pattern extraction for CAB KG,"Review HydroCast's `kb-standardization-plan.md` (path: `Flood-Forecasting/knowledge/reference/kb-standardization-plan.md`) for its agentic/programmatic knowledge-graph patterns. Evaluate which patterns are extractable as CAB-generalizable conventions for the KB → knowledge-graph architecture work (cross-refs UXL-005). Produce a pattern-extraction summary + recommendation for what, if anything, to absorb into CAB's `kb-conventions.md` rule or a new KB card.",DEFERRED per user directive until current plan fully executes. Cross-refs UXL-005 (root-cause framing). Deliverable: pattern-extraction summary + absorption recommendation into kb-conventions.md or new KB card.,,,User directive 2026-04-22 session turn,H,M,DP3;DP8,,,,KB,,,deferred
UXL-010,1,2026-04-22,user,integration,mcp-servers,context-of-use,idea,IDEA,"AgentContextGraphVisualizer feasibility eval — custom CAB-native KG visualizer (CLI/tool, not VS Code ext)","Review 3rd-party repo: https://github.com/nicollorens12/AgentContextGraphVisualizer (unverified, not yet used by user). Evaluate feasibility of building a custom CAB-native equivalent for visualizing the context knowledge graph (cross-refs UXL-005). Constraints: CLI/tool form, NOT VS Code extension. Decision to make: integrate into CAB repo directly, or develop as separate distinct repo that CAB (and other CC-integrated projects) call as a dependency. Produce a feasibility summary + storage/architecture recommendation.",DEFERRED per user directive. Cross-refs UXL-005. Decision axes: (a) CAB-internal vs separate distinct repo; (b) CLI vs programmatic library; (c) input format (KB frontmatter → graph). Deliverable: feasibility summary + storage/arch recommendation.,,,User directive; https://github.com/nicollorens12/AgentContextGraphVisualizer,M,H,DP8;DP5,,,,followup,,,deferred
UXL-027,1,2026-04-22,orchestrator,integration,hooks,requirements,gap,MAJOR,LL-02/LL-12 background-write gate (pre-delegation hook),**LL-02 / LL-12 background-write gate** (ACTIVE-P1) — pre-delegation hook detecting `run_in_background: true` + Write/Edit/NotebookEdit tool intent. Recurring failure mode since LL-02 first logged.,"Recurring failure mode since LL-02. Pre-delegation hook detects run_in_background:true + Write/Edit/NotebookEdit intent; blocks or warns. → WONTFIX (2026-04-23 SME review): LL-02/12 empirically not recurring post rules/memory integration + Claude model upgrades; subagent `tools:` frontmatter already gates write capability structurally (separate allowlist would duplicate info — LL-27-shaped inventory-drift anti-pattern applied to hook design); heuristic prompt-regex matching is fuzzy + adds perf tax on every Agent invocation. Dual-POV check (memory/feedback_dual_pov_check.md) argued against over-build. Escalation path: if LL-02/12 recurs, file fresh row with empirical data.",,,notes/TODO.md:32; LL-02; LL-12,H,M,DP7;LL-02;LL-12,,,,hook,,,wontfix
UXL-028,1,2026-04-22,orchestrator,agentic,verification,evaluation,gap,MAJOR,LL-08 background-output persistence verification (post-agent artifact check),**LL-08 background-output persistence verification** (ACTIVE-P1) — post-agent step that checks for expected artifact files before treating output as authoritative.,"Post-agent verification step. Complements LL-02/LL-12 pre-gate (UXL-027) with post-condition check. Together they bracket the background-agent write failure class.

â†’ WONTFIX (2026-04-23 SME review, post-prototype-benchmark): UXL-028 prototype script hooks/scripts/bg-agent-post-check.sh was built, tested against F004/F005/F006 fixtures (all functional pass), then perf-benchmarked â€” 100 iterations took 2m7s = ~1.27s/fire on Windows Git Bash, ~60x the 20ms acceptance criterion. Python cold-start + process-spawn overhead dominates; no redesign path within the Bash+Python architecture meets <20ms target. Combined with LL-08 empirical non-recurrence (same cohort as LL-02/12), both Wave 2 rows fail dual-POV check. Artifacts deleted (script + plan). Escalation path preserved: if LL-08 recurs with evidence, file fresh row with measurement data + pure-bash or compiled redesign investigation.",,,notes/TODO.md:33; LL-08,H,M,DP7;LL-08,,,,hook,,,wontfix
UXL-007,1,2026-04-22,user,meta,claudemd-layer,evaluation,question,QUESTION,Confirm CAB CLAUDE.md as U-shaped attention standard template + memory-layer alignment,"please confirm whether our latest insights as we were updating the CLAUDEmd of CAB to apply the U-shaped attention curve structure as the effective holistically standardized template CAB advisory will implement, as I really liked it. the standard template should follow mostly to the current @CLAUDE.md of CAB as one of the latest architecture I approve and find it to be quite useful (wouldn't necessarily say it's perfect either so feel free if there is any more optimizations we could make to fully efficiently utilize the precious limited 200-line artifact to describe the core identity/SME). needless to say, CLAUDmd standardization should be actively coupled with the holistically modularized rules, as well as, the latest new distinct ~.claude/<project>/memory/ in global config as well as the your-project / .claude / agent-memory in project config, so we're not inefficiently creating conflicts, duplications, or redudancy.","CONFIRMED per 2026-04-22 CC-docs refresh: (a) CAB CLAUDE.md (commit 2de116d) U-shape structure is the current baseline template; (b) user's memory-layer mental model IS CORRECT — ~/.claude/projects/<project>/memory/ is main-agent auto-memory (per-worktree, MEMORY.md index + topic files, 200L/25KB auto-load), and .claude/agent-memory/<name>/ is project-scoped subagent memory. Additional scope discovered: .claude/agent-memory-local/<name>/ for gitignored subagent memory. CAB's component-standards.md needed refresh (see UXL-031). Couples directly to UXL-022. → RESOLVED: Answered via Phase 5 CC-docs refresh (commit b537f25) + authoritative KB card cc-memory-layer-alignment.md (commit 7db3a2a). User's memory-layer mental model confirmed correct.",,,commit 2de116d; CLAUDE.md template; ~/.claude/projects/*/memory/ global layer,H,L,DP1;DP3,,,,rule,notes/impl-plan-ux-log-tracker-2026-04-22.md#phase-5,b537f25;7db3a2a,resolved
UXL-008,1,2026-04-22,orchestrator,meta,knowledge-base,evaluation,drift,MINOR,workflow-processflow.md UTF-16→UTF-8 + nested Windows-1252 mojibake,"Discovered during Phase 1 plan research (2026-04-22): `skills/plan-implementation/references/workflow-processflow.md` is UTF-16 encoded, rendering as spaced characters when read. Identical failure mode as HydroCast `USGS_WPI/usgs_data_categories.md` fixed in Session 33. Belongs in `knowledge/reference/` (per folder semantics) AND needs UTF-16→UTF-8 conversion during relocation. This row exists as the first self-application proof that the tracker captures real CAB-internal drift — not just external observations. Phase 2.6 execution surfaced additional defect: nested Windows-1252 smart-quote bytes (0x93/0x94) survived iconv UTF-16LE→UTF-8 conversion and now render as mojibake (ô, ö) in `knowledge/reference/workflow-processflow.md`. Remediation scope: two-pass encoding fix (UTF-16→UTF-8, then Win1252-byte-repair) OR re-source from original HTML.","First self-application proof: tracker captures real CAB-internal drift. Phase 2.6 applied UTF-16LE→UTF-8 but surfaced second-layer defect (Win1252 smart quotes embedded in UTF-16LE source) that survived conversion. Documented in file's frontmatter KNOWN DEFECT marker. Remediation: two-pass fix or re-source. → RESOLVED: Two-pass mojibake fix applied: U+00F4â†’U+201C and U+00F6â†’U+201D (quote
pair, 4 instances); U+00C6â†’U+2019 (apostrophe, 1 instance); stray HTML
brace removed. KNOWN DEFECT marker cleared from frontmatter, confidence
bumped Câ†’B. Commit 30ae167.",,,knowledge/reference/workflow-processflow.md (see frontmatter KNOWN DEFECT); commit 537b511,L,L,DP3;LL-10,,,,followup,notes/impl-plan-ux-log-tracker-2026-04-22.md#uxl-008,30ae167,resolved
UXL-011,1,2026-04-22,orchestrator,integration,hooks,requirements,gap,MAJOR,Extend /sync-check for plugin↔global agent name-collision detection,**LL-27 follow-on: Extend `/sync-check` for plugin↔global name-collision detection** — Current sync-check detects file differences but not the precedence-shadow case where both files exist with the same agent name. Add agent-name-collision scan between `~/.claude/agents/*.md` and all enabled plugins' `agents/*.md`. Emit WARN for collisions regardless of content delta. Highest-priority LL-27 enforcement layer.,"Highest-priority LL-27 enforcement layer. Currently manual detection; programmatic scan is tractable. → RESOLVED: Extended commands/sync-check.md with plugin-shadow detection (Behavior step 3 + SHADOW DETECTED report section + byte-identical-vs-diverged remediation recommendations + --shadow-only flag + LL-27 cross-ref). Scope contained: declarative-command edit, no new backing script. Logic manually validated against current state (no shadows — clean LL-27 post-fix state). Commit 2185da9. Follow-on candidate: extract to hooks/scripts/sync-check-shadow.sh if pattern matures + couples to UXL-012/013. Not deploying to ~/.claude/commands/ — global deploy of CAB-owned commands creates the exact shadow risk this fix detects; user invokes via /cab:sync-check instead.",,,notes/TODO.md:69; LL-27,H,L,DP7;LL-27,,,,skill,notes/impl-plan-ux-log-tracker-2026-04-22.md#uxl-011,2185da9,resolved
UXL-012,1,2026-04-22,orchestrator,meta,knowledge-base,requirements,gap,MINOR,New KB card: multi-agent/agent-resolution.md,"**LL-27 follow-on: New KB card `knowledge/operational-patterns/multi-agent/agent-resolution.md`** — Document the local → user → plugin precedence order explicitly, shadowing failure mode, detection patterns, corrective patterns. Currently implicit across multiple LLs.","Documents local→user→plugin precedence + shadowing failure modes. Implicit across multiple LLs; explicit KB card reduces future LL-27-style incidents. → RESOLVED: KB card authored at knowledge/operational-patterns/multi-agent/agent-resolution.md (184 lines). Covers precedence table (local→user→plugin), LL-27 mechanism, 3 detection surfaces (sync-check, audit, candidate pre-push), 3 remediation patterns (byte-identical / diverged-unintentional / diverged-intentional-with-documented-override), anti-patterns. Commit a9796fa.",,,notes/TODO.md:70; LL-27,M,L,DP3;LL-27,,,,KB,notes/impl-plan-ux-log-tracker-2026-04-22.md#uxl-012,a9796fa,resolved
UXL-013,1,2026-04-22,orchestrator,meta,audit-methodology,evaluation,gap,MINOR,Add shadow-check to /validate --cab-audit methodology,**LL-27 follow-on: Add shadow-check to `/validate --cab-audit` methodology** — Audit skill should enumerate all plugin agents and check for any same-named file at higher-precedence layers. Fold into the agent dimension scoring.,Audit skill enumeration step + higher-precedence layer scan. Fold into agent dimension scoring. → RESOLVED: Shadow scan folded into /validate --cab-audit Agent Frontmatter dimension. agent-standards.md criterion 15 added + Scoring Guide shadow-gate (EXEMPLARY blocked by unresolved shadows regardless of per-file quality). audit-workspace SKILL.md updated with mandatory shadow-scan step + cross-ref to agent-resolution.md. Completes LL-27 enforcement trio (UXL-011 primitive → UXL-012 spec → UXL-013 audit integration). Commit e985760.,,,notes/TODO.md:71; LL-27; skills/audit-workspace,M,L,DP7;LL-27,,,,skill,notes/impl-plan-ux-log-tracker-2026-04-22.md#uxl-013,e985760,resolved
UXL-018,1,2026-04-22,orchestrator,meta,state-management,evaluation,gap,MAJOR,Bootstrap token cost tracking + soft budget ceiling,"**LL-28 follow-on: Bootstrap token cost tracking** — Per user directive (Session 27), every new protocol layer expands the cold-anchor cost. Add a standing measurement: record `bootstrap_tokens` consumed at Session start in `progress.md` header. Set a soft budget ceiling (e.g., 15% of context window) beyond which bootstrap optimization takes priority over new protocol additions. Starting data point: Session 27 bootstrap + investigation + LL drafting consumed ~70K tokens before answering the actual pending question; remaining budget 22% at state-refresh time.

[User follow-up directive 2026-04-22 — shaped UXL-018 execution scope]: ""just want to make another friendly reminder the limits are soft not prescriptions; final decision should be adaptively resorted to the agentic reasoning based on the specific user/project request and domain context (e.g. one of the classic worst-case scenario of blindly automating this away will be agents (and the human users influenced by them) resorting to compact contents unnecessarily when the specific in-series sessions or phased task(s) at hand require detailed transfers for example).""","Standing measurement in progress.md header; soft ceiling (~15% budget). Supports LL-29 work. Data point: Session 27 consumed ~70K bootstrap tokens. → RESOLVED: Spec added to bootstrap-read-pattern.md §Budget Ceiling (soft signal framing + user directive verbatim + anti-pattern against mechanical compaction). progress.md Session header convention updated; Session 35 now exemplifies format. bootstrap-cost.sh already existed (Session 28-32 efficiency task) — UXL-018 scope narrowed to wiring + philosophy, NOT adding new measurement tooling. Commit d1a0b23.",,,notes/TODO.md:76; LL-28; LL-29; bootstrap-cost.sh,H,L,DP1;LL-28;LL-29,,,,rule,notes/impl-plan-ux-log-tracker-2026-04-22.md#uxl-018,d1a0b23,resolved
UXL-019,1,2026-04-22,orchestrator,meta,state-management,requirements,gap,MINOR,Reversibility inventory: protocol → commit → revert,"**LL-28 follow-on: Reversibility inventory** — Per user directive, every state-mgmt protocol addition must be individually revertable. Maintain an inventory table in `filesystem-patterns.md` mapping protocol → commit hash → revert command. LL-25 = `302f872`, LL-26 = `62bf4a9`, LL-27 = `436ffbd`, LL-28 candidate = TBD. This makes rollback a one-liner if any layer proves counterproductive.","Table in filesystem-patterns.md. Prerequisite for safely adding new state-mgmt layers without rollback risk. → RESOLVED: Reversibility inventory added to filesystem-patterns.md with 13 rows
(12 landed protocols + 1 LL-28 candidate placeholder). Append convention
documented. Commit 1f19b19.",,,notes/TODO.md:77; LL-28,M,L,DP4;LL-28,,,,KB,notes/impl-plan-ux-log-tracker-2026-04-22.md#uxl-019,1f19b19,resolved
UXL-020,1,2026-04-22,orchestrator,integration,plugin-schema,requirements,gap,MINOR,LL-25 — RAS-exec tracked-notes policy propagation,"**LL-25 follow-on: RAS-exec policy propagation** — Apply tracked-notes policy to RAS-exec plugin (documentation update + verify `.gitignore` alignment). Low risk, already tracking notes on feat branches.","Low-risk doc alignment; RAS-exec already tracks on feat branches. → RESOLVED: CAB-side deliverable complete: concrete .gitignore + CLAUDE.md patch
produced at notes/ll-25-propagation-status-2026-04-22.md with apply
instructions. Physical application happens in RAS-exec session (outside
CAB working dir). If apply surfaces issues, new UXL row will track.
Commit 8f84a3a.",,,notes/TODO.md:78; LL-25,L,L,DP3;LL-25,,,,followup,notes/ll-25-propagation-status-2026-04-22.md,8f84a3a,resolved
UXL-021,1,2026-04-22,orchestrator,integration,plugin-schema,requirements,gap,MINOR,LL-25 — HydroCast tracked-notes policy propagation,**LL-25 follow-on: HydroCast policy propagation** — Same as RAS-exec. HydroCast already tracks notes on feat branches; just needs documentation alignment.,"Low-risk doc alignment mirror of UXL-020. → RESOLVED: NO-OP close. Gap analysis verified HydroCast already LL-25 aligned:
.gitignore has _archive/ pattern + CLAUDE.md lines 68-84 document
tracked-by-default notes model extensively. No propagation work needed.
Commit 8f84a3a (artifact only, evidence). [2026-04-23 annotation]: Scope was narrow (LL-25 tracked-notes policy only) and resolved correctly within that scope. Broader HydroCast state-mgmt alignment (bootstrap-read-pattern, hook presence, T1 conventions, LL classification, kb-conventions, memory-layer adoption, UX-log tracker pattern backport, prioritization-frameworks adoption) lives in UXL-036 (Wave 10, deferred until post-Wave-5/6 to avoid re-alignment work).",,,notes/TODO.md:79; LL-25,L,L,DP3;LL-25,,,,followup,notes/ll-25-propagation-status-2026-04-22.md,8f84a3a,resolved
UXL-022,1,2026-04-22,orchestrator,meta,knowledge-base,requirements,gap,MINOR,LL-25 — CC Memory Layer Alignment deep-dive KB card,**LL-25 follow-on: CC Memory Layer Alignment deep dive** — Potential new KB card `knowledge/operational-patterns/state-management/cc-memory-layer-alignment.md` covering the full 7-layer ↔ CAB mapping. Currently summarized in filesystem-patterns.md; may warrant dedicated reference.,"Couples directly to UXL-007 (memory-layer alignment question — answered post docs refresh). Authoritative spec per 2026-04-22 docs: two memory systems (CLAUDE.md + auto memory) at main-agent level; subagent memory is separate layer via `memory:` frontmatter (user/project/local scopes → ~/.claude/agent-memory/, .claude/agent-memory/, .claude/agent-memory-local/). KB card should document all 3 subagent scopes + MEMORY.md index pattern + autoMemoryDirectory setting override + CC v2.1.59+ requirement. → RESOLVED: KB card authored: knowledge/operational-patterns/state-management/cc-memory-layer-alignment.md (158 lines, under 300-line ceiling). Covers 2-system main-agent model + subagent memory: field spec + CAB per-agent adoption matrix + anti-patterns.",,,notes/TODO.md:80; LL-25; filesystem-patterns.md,H,M,DP3;LL-25,,,,KB,notes/impl-plan-ux-log-tracker-2026-04-22.md#uxl-022-trio,7db3a2a,resolved
UXL-024,1,2026-04-22,orchestrator,integration,hooks,requirements,bug,MINOR,LL-26 — backtick-wrapped marker exclusion in pre-push hook regex,"**LL-26 follow-on: Backtick-wrapped marker exclusion** — Current anchored regex still matches draft labels inside markdown code spans (e.g., documentation files discussing the markers trigger the hook). POSIX ERE lacks negative lookbehind; options: (a) second-pass `grep -v` filter for backtick-wrapped matches, (b) documentation opt-out marker, (c) awk-based pre-filter. Low priority — primary LL-26 failure mode (stale status lines) is cleanly handled.","Low priority — primary LL-26 failure mode handled. Three mitigation options; pick simplest (option (a) grep -v post-filter). → RESOLVED: Second-pass grep-v filter added per option (a) triage choice. Strips
backtick-wrapped markers before re-checking; keeps real markers, filters
doc references. Test simulation verified all 5 edge cases (keep/filter/
mixed). Commit 430fe64.",,,notes/TODO.md:68; LL-26; pre-push hook,L,L,DP7;LL-26,,,,hook,notes/impl-plan-ux-log-tracker-2026-04-22.md#uxl-024,430fe64,resolved
UXL-031,1,2026-04-22,orchestrator,meta,conventions,requirements,drift,MAJOR,"Agent frontmatter valid-fields list drifted from current CC docs (memory, background, isolation, etc.)","CC docs refresh (2026-04-22) during Phase 5 acceptance-criteria verification surfaced drift in .claude/rules/component-standards.md. CAB previously listed only {name, description, tools, model, effort, skills} as valid agent frontmatter fields, and marked disallowedTools as 'not a valid CC field'. Current docs (https://code.claude.com/docs/en/sub-agents#supported-frontmatter-fields) list as valid: name, description, tools, disallowedTools, model, skills, effort, memory, background, isolation, color, initialPrompt, maxTurns, permissionMode, mcpServers, hooks. Plugin agents silently drop hooks/mcpServers/permissionMode. Rule updated in this same docs-refresh pass; this row captures the finding + source.","Rule updated in-session via .claude/rules/component-standards.md (see commit post Phase 5 closeout). New fields of strategic interest: `memory:` (enables subagent persistent memory — UXL-007/022/023), `isolation: worktree` (parallel-safe delegation), `background: true` (long-running agents). Templates/agents/ may need audit to adopt these new fields where beneficial — potential follow-on row.",,,https://code.claude.com/docs/en/sub-agents; https://code.claude.com/docs/en/memory; diff .claude/rules/component-standards.md,H,L,DP3;DP8;LL-10;LL-11,,,,rule,,,resolved
UXL-032,1,2026-04-22,orchestrator,agentic,memory-layer,design,idea,MINOR,Audit CAB agents to adopt memory: frontmatter field where cross-session learnings compound,"Audit existing CAB agents (agents/orchestrator.md, verifier.md, architecture-advisor.md, project-integrator.md + any others) for `memory:` field adoption. Per 2026-04-22 CC-docs refresh (UXL-031), subagent persistent memory is opt-in via `memory: user|project|local` frontmatter field. Agents that accumulate learnings across invocations (e.g., architecture-advisor gathering patterns, verifier collecting failure signatures) would benefit from `memory: project` for version-controlled team shareability. Per-agent scope decision needed: which agents have cross-session-valuable learnings vs stateless-per-invocation (most orchestrators). Deliverable: per-agent decision table + frontmatter updates + verification that MEMORY.md auto-injection works.","DEFERRED (coupled with UXL-022). Execute after UXL-022 authors the canonical CC Memory Layer Alignment KB card — spec-first prevents per-agent scope drift. Candidate adoption signals: (a) architecture-advisor → project (accumulates arch decisions across sessions); (b) verifier → project (failure signatures); (c) orchestrator → likely NONE (stateless-per-invocation by design; state lives in notes/); (d) project-integrator → user (cross-project integration patterns). Per-agent decision requires evidence of cross-session-valuable learnings — default to no-memory if unclear. → RESOLVED: Applied memory: to 3 CAB agents — architecture-advisor (project), verifier (project), project-integrator (user). Orchestrator SKIPPED per KB card anti-pattern rationale (stateless-per-invocation by design; state lives in notes/*.md).",,,UXL-031 docs refresh; UXL-022 upcoming spec; agents/*.md (4 files),M,M,DP2;DP3;LL-10,,,,followup,notes/impl-plan-ux-log-tracker-2026-04-22.md#uxl-022-trio,600d9ba,resolved
UXL-033,1,2026-04-22,orchestrator,meta,state-management,design,idea,MINOR,CSV tracker ergonomics: helper script extraction + active-top sort (U-curve),"CSV tracker ergonomics enhancement — two coupled improvements surfaced during Session 35 Phase 5 UXL execution retrospective (2026-04-22): (a) extract reusable helper script hooks/scripts/uxl-update.py exposing resolve / set / enrich / sort / show subcommands to reduce per-resolution Python-script boilerplate by ~30-40%; (b) apply U-curve attention principle to the tracker itself by sorting rows active-top (open > triaged > planning > in-progress > deferred > superseded > wontfix > resolved) so intra-session CSV reads spend high-attention zone on active work. Aligns directly with DP2 recent elaboration (line 70) on skills housing deterministic utility scripts alongside agentic NL instructions. Git-diff noise per status change is accepted cost for attention benefit. When UXL-034 (state-mgmt-capture skill) lands, this helper becomes a candidate for DP2-aligned skill wrap at skills/ux-log-state-machine/scripts/.","L-effort groundwork executed inline before prioritization pass (Option A from proposed next moves). Dogfood test: uses the new helper to resolve its own creation row, validating round-trip before broader adoption. Helper provides CLI surface (resolve/set/enrich/sort/show) + stdin note input for verbatim fidelity preservation. Save: ~250-400 tokens per future resolution. → RESOLVED: Helper script shipped at hooks/scripts/uxl-update.py (resolve/set/enrich/sort/show commands). Active-top sort applied to CSV. Dogfood test: resolving UXL-033 via its own CLI (this invocation) validates the round-trip pattern before adoption on remaining rows. Commit 008f90e. Expected per-resolution savings: ~30-40% tokens. Helper stays at hooks/scripts/ per convention; UXL-034 skill absorb is the DP2-aligned downstream evolution.",,,Session 35 retrospective; DP2 line 70 update,M,L,DP1;DP2;DP3,,,,hook,notes/impl-plan-ux-log-tracker-2026-04-22.md#uxl-033,008f90e,resolved
UXL-039,1,2026-04-24,orchestrator,agentic,subagent-delegation,requirements,drift,MAJOR,Remove `effort: high` from 5 CAB skills — prevent Max-user silent effort downgrade,"UXL-002 Phase 1 findings (2026-04-24 CC-docs verification): 5 CAB skills (analyze-architecture, audit-workspace, execute-task, plan-implementation, scaffold-project) set `effort: high` in frontmatter. Per current CC docs (model-config page), Max subscription users on Opus 4.7 default to `xhigh` effort; skill frontmatter `effort:` overrides session level while skill is active. Net effect: Max users get SILENTLY DOWNGRADED from xhigh to high when any of these 5 skills fires — invisible UX quality regression. User directive 2026-04-24: remove `effort:` from these skills to let subscription-tier default drive (xhigh for Max, high for Pro). Override only when a specific reason to floor effort exists (none articulated for the 5 skills).",Scope: remove `effort: high` line from each of the 5 SKILL.md frontmatters. Net delta: no user-facing trigger change; user's configured effort drives instead of hard-coded `high`. Max users recover xhigh default; Pro users still get high (unchanged). Also updates component-standards.md to document the new CAB convention (UXL-040 couples). Phase 3a deliverable per user directive 2026-04-24. → RESOLVED: Removed effort:high from 5 skills per user directive 2026-04-24 Q1. Max users on Opus 4.7 now receive their xhigh default when these skills fire (recovered from silent downgrade to high). Pro users unaffected. Commit fdfea25. Couples UXL-040 (rule refresh).,,,https://code.claude.com/docs/en/model-config#adjust-effort-level; 5 skills SKILL.md frontmatter,H,L,DP1;DP5;DP9;LL-16,,,M,skill,notes/impl-plan-commands-skills-migration-2026-04-24.md#phase-3a,fdfea25,resolved
UXL-040,1,2026-04-24,orchestrator,meta,rules,requirements,drift,MAJOR,"Refresh component-standards.md skill frontmatter rule — 250→1,536 char cap + new valid fields (LL-16 refresh)","UXL-002 Phase 1 findings (2026-04-24 CC-docs verification): .claude/rules/component-standards.md §Skill Frontmatter enforces 'Descriptions MUST be ≤250 characters' (LL-16 origin). Current CC docs (skills page, frontmatter-reference section) state: 'the combined description and when_to_use text is truncated at 1,536 characters in the skill listing to reduce context usage.' CAB rule is ~6x stale. Also missing newer valid fields: when_to_use, arguments, disable-model-invocation, user-invocable, paths, shell. Mirrors UXL-031 pattern (agent frontmatter drift). Refresh rule + add CAB convention note on `effort:` omission (couples to UXL-039).","Scope: edit .claude/rules/component-standards.md §Skill Frontmatter to reflect current CC spec. Apply in same commit as UXL-039 since the two couple (effort omission convention belongs in the rule). Phase 3a deliverable. → RESOLVED: Refreshed component-standards.md skill frontmatter rule: 250-char cap â†’ 1,536; full valid-fields list aligned with current CC docs; effort CAB convention documented (omit by default). Pattern parallel to UXL-031 agent frontmatter refresh. Commit fdfea25.",,,https://code.claude.com/docs/en/skills#frontmatter-reference; .claude/rules/component-standards.md,H,L,DP3;LL-10;LL-11;LL-16,,,M,rule,notes/impl-plan-commands-skills-migration-2026-04-24.md#phase-3a,fdfea25,resolved
